"Country Name","Country Code","Indicator Name","Indicator Code","1960","1961","1962","1963","1964","1965","1966","1967","1968","1969","1970","1971","1972","1973","1974","1975","1976","1977","1978","1979","1980","1981","1982","1983","1984","1985","1986","1987","1988","1989","1990","1991","1992","1993","1994","1995","1996","1997","1998","1999","2000","2001","2002","2003","2004","2005","2006","2007","2008","2009","2010","2011","2012","2013","2014","2015","2016","2017","2018","2019","2020","2021",
"Aruba","ABW","Profit tax (% of commercial profits)","IC.TAX.PRFT.CP.ZS","","","","","","","","","","","","","","","","","","","","","","","","","","","","","","","","","","","","","","","","","","","","","","","","","","","","","","","","","","","","","","",
"Africa Eastern and Southern","AFE","Profit tax (% of commercial profits)","IC.TAX.PRFT.CP.ZS","","","","","","","","","","","","","","","","","","","","","","","","","","","","","","","","","","","","","","","","","","","","","","23.9583333333333","23.275","22.4916666666667","22.4791666666667","22.6333333333333","22.025","22.3416666666667","21.692","20.856","20.028","19.772","19.772","19.784","19.732","19.576","","",
"Afghanistan","AFG","Profit tax (% of commercial profits)","IC.TAX.PRFT.CP.ZS","","","","","","","","","","","","","","","","","","","","","","","","","","","","","","","","","","","","","","","","","","","","","","0","0","0","0","0","0","0","0","0","0","0","0","0","0","0","","",
"Africa Western and Central","AFW","Profit tax (% of commercial profits)","IC.TAX.PRFT.CP.ZS","","","","","","","","","","","","","","","","","","","","","","","","","","","","","","","","","","","","","","","","","","","","","","14.355","12.8380952380952","12.5666666666667","12.3380952380952","12.3666666666667","12.147619047619","12.7571428571429","13.5666666666667","14.9136363636364","14.1681818181818","15.1272727272727","16.8818181818182","16.9272727272727","16.8590909090909","17.2136363636364","","",
"Angola","AGO","Profit tax (% of commercial profits)","IC.TAX.PRFT.CP.ZS","","","","","","","","","","","","","","","","","","","","","","","","","","","","","","","","","","","","","","","","","","","","","","25.2","25.2","25.2","25.2","25.2","25.2","25.2","25.2","25.3","25.3","21.7","20.4","21.5","21.5","21.5","","",
"Albania","ALB","Profit tax (% of commercial profits)","IC.TAX.PRFT.CP.ZS","","","","","","","","","","","","","","","","","","","","","","","","","","","","","","","","","","","","","","","","","","","","","","20.1","18.5","17.8","16.8","8.1","8.5","8.8","8.7","9.4","9.5","14.1","14.1","14","14","14.1","","",
"Andorra","AND","Profit tax (% of commercial profits)","IC.TAX.PRFT.CP.ZS","","","","","","","","","","","","","","","","","","","","","","","","","","","","","","","","","","","","","","","","","","","","","","","","","","","","","","","","","","","","","","",
"Arab World","ARB","Profit tax (% of commercial profits)","IC.TAX.PRFT.CP.ZS","","","","","","","","","","","","","","","","","","","","","","","","","","","","","","","","","","","","","","","","","","","","","","15.7388888888889","14.4833333333333","12.91","12.42","12.17","12.13","11.305","11.8333333333333","11.5285714285714","11.747619047619","11.6142857142857","11.4857142857143","11.6238095238095","11.5142857142857","11.4142857142857","","",
"United Arab Emirates","ARE","Profit tax (% of commercial profits)","IC.TAX.PRFT.CP.ZS","","","","","","","","","","","","","","","","","","","","","","","","","","","","","","","","","","","","","","","","","","","","","","0","0","0","0","0","0","0","0","0","0","0","0","0","0","0","","",
"Argentina","ARG","Profit tax (% of commercial profits)","IC.TAX.PRFT.CP.ZS","","","","","","","","","","","","","","","","","","","","","","","","","","","","","","","","","","","","","","","","","","","","","","3.2","3.2","3.2","3.2","3.2","3.2","3.2","3.1","0","0","0","3.9","3.9","3.9","3.6","","",
"Armenia","ARM","Profit tax (% of commercial profits)","IC.TAX.PRFT.CP.ZS","","","","","","","","","","","","","","","","","","","","","","","","","","","","","","","","","","","","","","","","","","","","","","15.8","15.8","14.8","14.8","14.8","14.8","14.9","14.9","15.7","19.3","19.1","17.6","17.6","17.6","21.8","","",
"American Samoa","ASM","Profit tax (% of commercial profits)","IC.TAX.PRFT.CP.ZS","","","","","","","","","","","","","","","","","","","","","","","","","","","","","","","","","","","","","","","","","","","","","","","","","","","","","","","","","","","","","","",
"Antigua and Barbuda","ATG","Profit tax (% of commercial profits)","IC.TAX.PRFT.CP.ZS","","","","","","","","","","","","","","","","","","","","","","","","","","","","","","","","","","","","","","","","","","","","","","36.7","32.8","31.4","31.4","26.2","26.2","26.2","26.2","26.2","26","25.9","25.9","25.9","25.6","25.5","","",
"Australia","AUS","Profit tax (% of commercial profits)","IC.TAX.PRFT.CP.ZS","","","","","","","","","","","","","","","","","","","","","","","","","","","","","","","","","","","","","","","","","","","","","","26.3","26.7","27.2","27.4","25.9","26","26.1","26.1","26.1","26.1","26","26","26","26","26.1","","",
"Austria","AUT","Profit tax (% of commercial profits)","IC.TAX.PRFT.CP.ZS","","","","","","","","","","","","","","","","","","","","","","","","","","","","","","","","","","","","","","","","","","","","","","21.2","16","16","16","16.4","16.1","15.4","17","17.1","16.8","16.8","16.9","17","17.1","17.1","","",
"Azerbaijan","AZE","Profit tax (% of commercial profits)","IC.TAX.PRFT.CP.ZS","","","","","","","","","","","","","","","","","","","","","","","","","","","","","","","","","","","","","","","","","","","","","","13.7","15.1","13.8","13.8","13.8","13.8","12.9","12.9","12.9","12.9","12.9","13","13","13.8","12.7","","",
"Burundi","BDI","Profit tax (% of commercial profits)","IC.TAX.PRFT.CP.ZS","","","","","","","","","","","","","","","","","","","","","","","","","","","","","","","","","","","","","","","","","","","","","","18.7","18.7","18.7","18.7","18.7","18.7","33.1","33.1","33.8","28.9","28.9","28.9","28.4","28.5","28.5","","",
"Belgium","BEL","Profit tax (% of commercial profits)","IC.TAX.PRFT.CP.ZS","","","","","","","","","","","","","","","","","","","","","","","","","","","","","","","","","","","","","","","","","","","","","","9.8","9.8","7.9","6","5.4","7.4","7.8","7.8","8.3","8.3","8.4","9.1","10.3","10.9","10.3","","",
"Benin","BEN","Profit tax (% of commercial profits)","IC.TAX.PRFT.CP.ZS","","","","","","","","","","","","","","","","","","","","","","","","","","","","","","","","","","","","","","","","","","","","","","21.4","21.4","21.4","21.4","16.9","15.2","15.2","15.2","11.9","11.9","11.9","11.9","11.9","11.9","11.9","","",
"Burkina Faso","BFA","Profit tax (% of commercial profits)","IC.TAX.PRFT.CP.ZS","","","","","","","","","","","","","","","","","","","","","","","","","","","","","","","","","","","","","","","","","","","","","","19.3","19.3","19.3","15.2","16.3","16.1","15.2","15.2","16.2","16.2","16.2","16.2","16.2","16.2","16.2","","",
"Bangladesh","BGD","Profit tax (% of commercial profits)","IC.TAX.PRFT.CP.ZS","","","","","","","","","","","","","","","","","","","","","","","","","","","","","","","","","","","","","","","","","","","","","","","","","","","","","","31.6","31.6","30.5","30.5","31.1","31.1","31.1","","",
"Bulgaria","BGR","Profit tax (% of commercial profits)","IC.TAX.PRFT.CP.ZS","","","","","","","","","","","","","","","","","","","","","","","","","","","","","","","","","","","","","","","","","","","","","","7","5.8","6.8","4.3","4.6","4.7","5","4.9","5","5","5","5","5","4.9","4.9","","",
"Bahrain","BHR","Profit tax (% of commercial profits)","IC.TAX.PRFT.CP.ZS","","","","","","","","","","","","","","","","","","","","","","","","","","","","","","","","","","","","","","","","","","","","","","","","0","0","0","0","0","0","0","0","0","0","0","0","0","","",
"Bahamas, The","BHS","Profit tax (% of commercial profits)","IC.TAX.PRFT.CP.ZS","","","","","","","","","","","","","","","","","","","","","","","","","","","","","","","","","","","","","","","","","","","","","","","","0","0","0","0","0","0","0","0","0","0","0","0","0","","",
"Bosnia and Herzegovina","BIH","Profit tax (% of commercial profits)","IC.TAX.PRFT.CP.ZS","","","","","","","","","","","","","","","","","","","","","","","","","","","","","","","","","","","","","","","","","","","","","","22.1","22","22.1","22.1","5.3","5.6","7.1","7.1","7.3","7.2","7.2","7.2","8.4","8.4","8.4","","",
"Belarus","BLR","Profit tax (% of commercial profits)","IC.TAX.PRFT.CP.ZS","","","","","","","","","","","","","","","","","","","","","","","","","","","","","","","","","","","","","","","","","","","","","","21.4","21.4","20.8","22","22","21.9","21.7","12.9","9.7","9.5","11","10.9","10.8","11.1","11.1","","",
"Belize","BLZ","Profit tax (% of commercial profits)","IC.TAX.PRFT.CP.ZS","","","","","","","","","","","","","","","","","","","","","","","","","","","","","","","","","","","","","","","","","","","","","","24.7","24.7","24.7","24.7","24.7","24.7","24.7","24.7","24.7","24.7","24.7","24.7","24.7","24.7","24.7","","",
"Bermuda","BMU","Profit tax (% of commercial profits)","IC.TAX.PRFT.CP.ZS","","","","","","","","","","","","","","","","","","","","","","","","","","","","","","","","","","","","","","","","","","","","","","","","","","","","","","","","","","","","","","",
"Bolivia","BOL","Profit tax (% of commercial profits)","IC.TAX.PRFT.CP.ZS","","","","","","","","","","","","","","","","","","","","","","","","","","","","","","","","","","","","","","","","","","","","","","0","0","0","0","0","0","0","0","0","0","0","0","0","0","0","","",
"Brazil","BRA","Profit tax (% of commercial profits)","IC.TAX.PRFT.CP.ZS","","","","","","","","","","","","","","","","","","","","","","","","","","","","","","","","","","","","","","","","","","","","","","","","","","","","","","22.2","22.2","22.5","22.3","22.4","22.4","22.4","","",
"Barbados","BRB","Profit tax (% of commercial profits)","IC.TAX.PRFT.CP.ZS","","","","","","","","","","","","","","","","","","","","","","","","","","","","","","","","","","","","","","","","","","","","","","","","","","","","19.4","19.5","19.5","19.5","19.5","19.5","20","19.9","19.8","","",
"Brunei Darussalam","BRN","Profit tax (% of commercial profits)","IC.TAX.PRFT.CP.ZS","","","","","","","","","","","","","","","","","","","","","","","","","","","","","","","","","","","","","","","","","","","","","","","31.7","31.7","31.8","24.5","10.1","8.1","6.9","7.9","7.9","0.1","0.1","0.1","0.1","0.1","","",
"Bhutan","BTN","Profit tax (% of commercial profits)","IC.TAX.PRFT.CP.ZS","","","","","","","","","","","","","","","","","","","","","","","","","","","","","","","","","","","","","","","","","","","","","","33","33","33","33","33","33","33","33","33.9","33.9","33.9","33.9","33.9","33.9","33.9","","",
"Botswana","BWA","Profit tax (% of commercial profits)","IC.TAX.PRFT.CP.ZS","","","","","","","","","","","","","","","","","","","","","","","","","","","","","","","","","","","","","","","","","","","","","","17","17","17","17","16","15.9","15.9","21.7","21.7","21.5","21.5","21.5","21.5","21.5","21.5","","",
"Central African Republic","CAF","Profit tax (% of commercial profits)","IC.TAX.PRFT.CP.ZS","","","","","","","","","","","","","","","","","","","","","","","","","","","","","","","","","","","","","","","","","","","","","","0","0","0","0","0","0","0","0","0","0","0","0","0","0","0","","",
"Canada","CAN","Profit tax (% of commercial profits)","IC.TAX.PRFT.CP.ZS","","","","","","","","","","","","","","","","","","","","","","","","","","","","","","","","","","","","","","","","","","","","","","27.3","25.1","25.4","24.8","23.2","3.2","1.9","2.3","3","3.9","3.9","3.9","3.8","3.9","8","","",
"Central Europe and the Baltics","CEB","Profit tax (% of commercial profits)","IC.TAX.PRFT.CP.ZS","","","","","","","","","","","","","","","","","","","","","","","","","","","","","","","","","","","","","","","","","","","","","","8.91818181818182","7.91818181818182","8.47272727272727","8.36363636363636","8.34545454545455","8.86363636363636","8.45454545454545","8.08181818181818","7.95454545454545","7.97272727272727","8.20909090909091","8.09090909090909","8.09090909090909","7.99090909090909","8.43636363636364","","",
"Switzerland","CHE","Profit tax (% of commercial profits)","IC.TAX.PRFT.CP.ZS","","","","","","","","","","","","","","","","","","","","","","","","","","","","","","","","","","","","","","","","","","","","","","9.3","8.8","8.7","9.2","10","9.3","9.3","9.6","9.2","9.3","9.3","9.3","9.3","9.3","9.3","","",
"Channel Islands","CHI","Profit tax (% of commercial profits)","IC.TAX.PRFT.CP.ZS","","","","","","","","","","","","","","","","","","","","","","","","","","","","","","","","","","","","","","","","","","","","","","","","","","","","","","","","","","","","","","",
"Chile","CHL","Profit tax (% of commercial profits)","IC.TAX.PRFT.CP.ZS","","","","","","","","","","","","","","","","","","","","","","","","","","","","","","","","","","","","","","","","","","","","","","18.4","18.3","18.3","18.3","18","18","18","21.2","21.2","21","22","23.6","25.2","26.2","26.2","","",
"China","CHN","Profit tax (% of commercial profits)","IC.TAX.PRFT.CP.ZS","","","","","","","","","","","","","","","","","","","","","","","","","","","","","","","","","","","","","","","","","","","","","","","","","","","","","","10.6","10.6","10.9","10.8","11.3","11.8","6.3","","",
"Cote d'Ivoire","CIV","Profit tax (% of commercial profits)","IC.TAX.PRFT.CP.ZS","","","","","","","","","","","","","","","","","","","","","","","","","","","","","","","","","","","","","","","","","","","","","","11.7","11.7","9.1","9.1","8.8","8.8","8.8","8.8","8.8","8.8","8.8","8.8","8.8","8.8","8.8","","",
"Cameroon","CMR","Profit tax (% of commercial profits)","IC.TAX.PRFT.CP.ZS","","","","","","","","","","","","","","","","","","","","","","","","","","","","","","","","","","","","","","","","","","","","","","27.9","27.8","27.8","27.4","30","30","30","30","30","30","30","38.9","38.9","38.9","38.9","","",
"Congo, Dem. Rep.","COD","Profit tax (% of commercial profits)","IC.TAX.PRFT.CP.ZS","","","","","","","","","","","","","","","","","","","","","","","","","","","","","","","","","","","","","","","","","","","","","","58.9","58.9","58.9","58.9","58.9","58.9","58.9","58.9","33.4","27.5","27.5","27.5","27.5","27.5","23.6","","",
"Congo, Rep.","COG","Profit tax (% of commercial profits)","IC.TAX.PRFT.CP.ZS","","","","","","","","","","","","","","","","","","","","","","","","","","","","","","","","","","","","","","","","","","","","","","0","0","0","0","0","0","0","0","18.5","0","0","0","0","0","0","","",
"Colombia","COL","Profit tax (% of commercial profits)","IC.TAX.PRFT.CP.ZS","","","","","","","","","","","","","","","","","","","","","","","","","","","","","","","","","","","","","","","","","","","","","","21.8","21.6","21.4","18.7","17","17","18.3","18.5","18.5","18.2","22.1","21.7","21.8","21.7","21.1","","",
"Comoros","COM","Profit tax (% of commercial profits)","IC.TAX.PRFT.CP.ZS","","","","","","","","","","","","","","","","","","","","","","","","","","","","","","","","","","","","","","","","","","","","","","31.4","31.4","31.4","31.4","31.4","31.4","31.4","31.4","32.1","32.1","32.1","32.1","32.1","30.4","30.4","","",
"Cabo Verde","CPV","Profit tax (% of commercial profits)","IC.TAX.PRFT.CP.ZS","","","","","","","","","","","","","","","","","","","","","","","","","","","","","","","","","","","","","","","","","","","","","","22","22","22","22","18.2","18.9","18.6","18","18.2","18.2","18.5","18.6","18.6","18.5","18.3","","",
"Costa Rica","CRI","Profit tax (% of commercial profits)","IC.TAX.PRFT.CP.ZS","","","","","","","","","","","","","","","","","","","","","","","","","","","","","","","","","","","","","","","","","","","","","","19.2","19.2","19.2","19.2","19.2","19.2","19.2","19.5","19.2","19.2","19.2","19.2","19.2","19.2","19.2","","",
"Caribbean small states","CSS","Profit tax (% of commercial profits)","IC.TAX.PRFT.CP.ZS","","","","","","","","","","","","","","","","","","","","","","","","","","","","","","","","","","","","","","","","","","","","","","29.1363636363636","28.6272727272727","25.775","25.675","25.0416666666667","24.7083333333333","24.2153846153846","24.1769230769231","24.0384615384615","23.3076923076923","22.7692307692308","22.5538461538462","22.2692307692308","22.3615384615385","22.2384615384615","","",
"Cuba","CUB","Profit tax (% of commercial profits)","IC.TAX.PRFT.CP.ZS","","","","","","","","","","","","","","","","","","","","","","","","","","","","","","","","","","","","","","","","","","","","","","","","","","","","","","","","","","","","","","",
"Curacao","CUW","Profit tax (% of commercial profits)","IC.TAX.PRFT.CP.ZS","","","","","","","","","","","","","","","","","","","","","","","","","","","","","","","","","","","","","","","","","","","","","","","","","","","","","","","","","","","","","","",
"Cayman Islands","CYM","Profit tax (% of commercial profits)","IC.TAX.PRFT.CP.ZS","","","","","","","","","","","","","","","","","","","","","","","","","","","","","","","","","","","","","","","","","","","","","","","","","","","","","","","","","","","","","","",
"Cyprus","CYP","Profit tax (% of commercial profits)","IC.TAX.PRFT.CP.ZS","","","","","","","","","","","","","","","","","","","","","","","","","","","","","","","","","","","","","","","","","","","","","","","","","7.8","7.8","9.4","9.2","9.1","9.2","9.5","9.3","9.6","8.1","8.1","8.3","","",
"Czechia","CZE","Profit tax (% of commercial profits)","IC.TAX.PRFT.CP.ZS","","","","","","","","","","","","","","","","","","","","","","","","","","","","","","","","","","","","","","","","","","","","","","7.2","6.7","6.2","6.2","4.9","5.1","5.3","5.3","5.3","5.6","5.6","5.1","5.1","5.2","5.2","","",
"Germany","DEU","Profit tax (% of commercial profits)","IC.TAX.PRFT.CP.ZS","","","","","","","","","","","","","","","","","","","","","","","","","","","","","","","","","","","","","","","","","","","","","","21.4","21.6","23.2","22.9","17.6","23.2","19.2","19.3","23.2","23.3","23.2","23.2","23.2","23.2","23.2","","",
"Djibouti","DJI","Profit tax (% of commercial profits)","IC.TAX.PRFT.CP.ZS","","","","","","","","","","","","","","","","","","","","","","","","","","","","","","","","","","","","","","","","","","","","","","17.7","17.7","17.7","17.7","17.7","17.7","17.7","17.7","17.7","17.7","17.7","17.7","17.7","17.7","17.7","","",
"Dominica","DMA","Profit tax (% of commercial profits)","IC.TAX.PRFT.CP.ZS","","","","","","","","","","","","","","","","","","","","","","","","","","","","","","","","","","","","","","","","","","","","","","25.9","25.9","25.9","25.9","25.9","25.9","26","26","26.1","26.1","26.1","24.4","21.8","21.8","21.8","","",
"Denmark","DNK","Profit tax (% of commercial profits)","IC.TAX.PRFT.CP.ZS","","","","","","","","","","","","","","","","","","","","","","","","","","","","","","","","","","","","","","","","","","","","","","27.9","26","25.8","23.1","21.7","21.6","19.8","19.7","19.6","19.6","18.1","18.4","17.1","17.1","17.1","","",
"Dominican Republic","DOM","Profit tax (% of commercial profits)","IC.TAX.PRFT.CP.ZS","","","","","","","","","","","","","","","","","","","","","","","","","","","","","","","","","","","","","","","","","","","","","","25.4","25.3","28.9","20.6","19.5","20.7","21.5","23.7","23.7","23.7","23.7","22.6","29.1","29.1","29.1","","",
"Algeria","DZA","Profit tax (% of commercial profits)","IC.TAX.PRFT.CP.ZS","","","","","","","","","","","","","","","","","","","","","","","","","","","","","","","","","","","","","","","","","","","","","","9.9","9.9","8.3","8.3","6.5","6.5","6.5","6.5","6.5","6.5","6.5","8.2","8.1","8.1","8.1","","",
"East Asia & Pacific (excluding high income)","EAP","Profit tax (% of commercial profits)","IC.TAX.PRFT.CP.ZS","","","","","","","","","","","","","","","","","","","","","","","","","","","","","","","","","","","","","","","","","","","","","","20.9833333333333","20.9833333333333","21.0888888888889","20.6555555555556","19.1611111111111","18.5777777777778","18.7222222222222","19.2210526315789","18.7809523809524","18.3190476190476","18.1761904761905","18.2666666666667","18.0333333333333","18.0857142857143","17.6571428571429","","",
"Early-demographic dividend","EAR","Profit tax (% of commercial profits)","IC.TAX.PRFT.CP.ZS","","","","","","","","","","","","","","","","","","","","","","","","","","","","","","","","","","","","","","","","","","","","","","19.1377358490566","18.5981132075472","17.6907407407407","17.3240740740741","17.3148148148148","17.2851851851852","16.4574074074074","17.1678571428571","17.8","18.0311475409836","18.016393442623","17.8770491803279","17.883606557377","17.8491803278689","17.6770491803279","","",
"East Asia & Pacific","EAS","Profit tax (% of commercial profits)","IC.TAX.PRFT.CP.ZS","","","","","","","","","","","","","","","","","","","","","","","","","","","","","","","","","","","","","","","","","","","","","","21.2541666666667","21.316","21.416","21.204","19.556","18.484","18.324","18.3153846153846","18.4655172413793","18.1655172413793","17.7896551724138","17.8","17.5551724137931","17.5758620689655","17.3206896551724","","",
"Europe & Central Asia (excluding high income)","ECA","Profit tax (% of commercial profits)","IC.TAX.PRFT.CP.ZS","","","","","","","","","","","","","","","","","","","","","","","","","","","","","","","","","","","","","","","","","","","","","","13.98125","13.8176470588235","13.3352941176471","13.0117647058824","11.35","10.4111111111111","9.47777777777778","8.94444444444444","9.38421052631579","11.1894736842105","11.6842105263158","11.5842105263158","11.8","11.4368421052632","11.6315789473684","","",
"Europe & Central Asia","ECS","Profit tax (% of commercial profits)","IC.TAX.PRFT.CP.ZS","","","","","","","","","","","","","","","","","","","","","","","","","","","","","","","","","","","","","","","","","","","","","","14.7558139534884","13.8888888888889","13.7466666666667","13.1869565217391","12.236170212766","12.1574468085106","11.1148936170213","10.78125","11.3081632653061","12.1061224489796","11.8877551020408","11.7040816326531","11.8265306122449","11.394","11.476","","",
"Ecuador","ECU","Profit tax (% of commercial profits)","IC.TAX.PRFT.CP.ZS","","","","","","","","","","","","","","","","","","","","","","","","","","","","","","","","","","","","","","","","","","","","","","18.8","18.8","18.8","18.5","18.5","18.4","17.6","17.6","16.9","16.2","16.2","16.3","16.3","16.1","18.2","","",
"Egypt, Arab Rep.","EGY","Profit tax (% of commercial profits)","IC.TAX.PRFT.CP.ZS","","","","","","","","","","","","","","","","","","","","","","","","","","","","","","","","","","","","","","","","","","","","","","21.6","13.6","13.9","14.8","13.8","13.2","13","13.2","13.2","16.4","16.4","14.7","14","13.7","14.4","","",
"Euro area","EMU","Profit tax (% of commercial profits)","IC.TAX.PRFT.CP.ZS","","","","","","","","","","","","","","","","","","","","","","","","","","","","","","","","","","","","","","","","","","","","","","16.03125","14.5176470588235","14.4470588235294","13.2722222222222","12.5666666666667","13.0611111111111","12.4105263157895","12.2578947368421","13.3263157894737","13.7842105263158","12.9210526315789","13.0157894736842","13.2789473684211","12.9315789473684","12.8631578947368","","",
"Eritrea","ERI","Profit tax (% of commercial profits)","IC.TAX.PRFT.CP.ZS","","","","","","","","","","","","","","","","","","","","","","","","","","","","","","","","","","","","","","","","","","","","","","8.8","8.8","8.8","8.8","7.7","8.8","8.8","8.8","9.2","9.2","9.2","9.2","9.2","9.2","9.2","","",
"Spain","ESP","Profit tax (% of commercial profits)","IC.TAX.PRFT.CP.ZS","","","","","","","","","","","","","","","","","","","","","","","","","","","","","","","","","","","","","","","","","","","","","","23.4","23.4","23.4","21.9","20.9","20.7","1.2","1.2","20.8","21.7","13.4","12.5","10.6","10.6","10.6","","",
"Estonia","EST","Profit tax (% of commercial profits)","IC.TAX.PRFT.CP.ZS","","","","","","","","","","","","","","","","","","","","","","","","","","","","","","","","","","","","","","","","","","","","","","11.2","10","9.5","9","8.4","8.3","8.3","8.3","8.2","8.2","8.2","7.8","7.8","7.8","7.7","","",
"Ethiopia","ETH","Profit tax (% of commercial profits)","IC.TAX.PRFT.CP.ZS","","","","","","","","","","","","","","","","","","","","","","","","","","","","","","","","","","","","","","","","","","","","","","26.4","26.4","26.4","26.4","26.4","26.4","26.4","26.6","25.8","25.4","24.9","24.6","24.6","24.6","24.6","","",
"European Union","EUU","Profit tax (% of commercial profits)","IC.TAX.PRFT.CP.ZS","","","","","","","","","","","","","","","","","","","","","","","","","","","","","","","","","","","","","","","","","","","","","","14.7125","13.264","13.372","12.5192307692308","11.9615384615385","12.4653846153846","11.9074074074074","11.7037037037037","12.4518518518518","12.6740740740741","12.0185185185185","12.0592592592593","12.1962962962963","11.9222222222222","12.0074074074074","","",
"Fragile and conflict affected situations","FCS","Profit tax (% of commercial profits)","IC.TAX.PRFT.CP.ZS","","","","","","","","","","","","","","","","","","","","","","","","","","","","","","","","","","","","","","","","","","","","","","18.99","18.2233333333333","17.84","17.3166666666667","17.4935483870968","17.1903225806452","16.7935483870968","17.05","17.2228571428571","16.26","16.1685714285714","16.4685714285714","16.5114285714286","16.4457142857143","16.2371428571429","","",
"Finland","FIN","Profit tax (% of commercial profits)","IC.TAX.PRFT.CP.ZS","","","","","","","","","","","","","","","","","","","","","","","","","","","","","","","","","","","","","","","","","","","","","","19.1","17.1","17","17","17.1","15.9","13.7","15","14.1","14.6","11.8","11.7","11.7","11.9","12.1","","",
"Fiji","FJI","Profit tax (% of commercial profits)","IC.TAX.PRFT.CP.ZS","","","","","","","","","","","","","","","","","","","","","","","","","","","","","","","","","","","","","","","","","","","","","","31.2","31.2","31.2","31.2","30.8","28.9","28","27.3","20.6","20.6","20.6","20.3","19.2","19.6","19.6","","",
"France","FRA","Profit tax (% of commercial profits)","IC.TAX.PRFT.CP.ZS","","","","","","","","","","","","","","","","","","","","","","","","","","","","","","","","","","","","","","","","","","","","","","6.8","6.7","6.5","6.8","6.6","6.6","6.7","5.8","6.2","5.4","-0.2","0.2","1","0.3","0.2","","",
"Faroe Islands","FRO","Profit tax (% of commercial profits)","IC.TAX.PRFT.CP.ZS","","","","","","","","","","","","","","","","","","","","","","","","","","","","","","","","","","","","","","","","","","","","","","","","","","","","","","","","","","","","","","",
"Micronesia, Fed. Sts.","FSM","Profit tax (% of commercial profits)","IC.TAX.PRFT.CP.ZS","","","","","","","","","","","","","","","","","","","","","","","","","","","","","","","","","","","","","","","","","","","","","","0","0","0","0","0","0","0","0","0","0","0","0","0","0","0","","",
"Gabon","GAB","Profit tax (% of commercial profits)","IC.TAX.PRFT.CP.ZS","","","","","","","","","","","","","","","","","","","","","","","","","","","","","","","","","","","","","","","","","","","","","","19.5","19.1","19.1","19.1","19.1","17.9","17.9","17.9","17.9","15.4","20.5","20.5","20.5","20.3","20.3","","",
"United Kingdom","GBR","Profit tax (% of commercial profits)","IC.TAX.PRFT.CP.ZS","","","","","","","","","","","","","","","","","","","","","","","","","","","","","","","","","","","","","","","","","","","","","","21.8","21.8","21.8","21.5","22.3","23.6","23.6","22.4","21.7","20.6","19.2","18.3","18.1","17.3","16.6","","",
"Georgia","GEO","Profit tax (% of commercial profits)","IC.TAX.PRFT.CP.ZS","","","","","","","","","","","","","","","","","","","","","","","","","","","","","","","","","","","","","","","","","","","","","","9.8","14.1","14.1","14.1","13.3","13.3","14.3","14.3","14.3","14.3","14.3","14.3","14.3","7.8","7.8","","",
"Ghana","GHA","Profit tax (% of commercial profits)","IC.TAX.PRFT.CP.ZS","","","","","","","","","","","","","","","","","","","","","","","","","","","","","","","","","","","","","","","","","","","","","","24.8","21","17.9","17.6","17.6","17.6","18","18","18","18","18","18","18.5","17.7","10","","",
"Gibraltar","GIB","Profit tax (% of commercial profits)","IC.TAX.PRFT.CP.ZS","","","","","","","","","","","","","","","","","","","","","","","","","","","","","","","","","","","","","","","","","","","","","","","","","","","","","","","","","","","","","","",
"Guinea","GIN","Profit tax (% of commercial profits)","IC.TAX.PRFT.CP.ZS","","","","","","","","","","","","","","","","","","","","","","","","","","","","","","","","","","","","","","","","","","","","","","0","0","0","0","0","0","0","0","0","0","0","0","0","0","0","","",
"Gambia, The","GMB","Profit tax (% of commercial profits)","IC.TAX.PRFT.CP.ZS","","","","","","","","","","","","","","","","","","","","","","","","","","","","","","","","","","","","","","","","","","","","","","6.1","6.1","6.1","6.1","6.1","6.1","6.1","6.1","6.1","6.1","6.1","6.1","6.1","6.1","24.4","","",
"Guinea-Bissau","GNB","Profit tax (% of commercial profits)","IC.TAX.PRFT.CP.ZS","","","","","","","","","","","","","","","","","","","","","","","","","","","","","","","","","","","","","","","","","","","","","","23.3","14.9","14.9","14.9","14.9","14.9","14.9","14.9","15.1","15.1","15.1","15.1","15.1","15.1","15.1","","",
"Equatorial Guinea","GNQ","Profit tax (% of commercial profits)","IC.TAX.PRFT.CP.ZS","","","","","","","","","","","","","","","","","","","","","","","","","","","","","","","","","","","","","","","","","","","","","","20.7","20.7","20.7","20.7","20.7","20.7","20.7","20.7","20.7","20.7","20.7","53","53","53","53","","",
"Greece","GRC","Profit tax (% of commercial profits)","IC.TAX.PRFT.CP.ZS","","","","","","","","","","","","","","","","","","","","","","","","","","","","","","","","","","","","","","","","","","","","","","21.5","16.9","16.4","14.1","14.1","14.1","13.5","11.2","11.2","19","19.7","22.4","23","23","23","","",
"Grenada","GRD","Profit tax (% of commercial profits)","IC.TAX.PRFT.CP.ZS","","","","","","","","","","","","","","","","","","","","","","","","","","","","","","","","","","","","","","","","","","","","","","27.6","27.6","27.6","27.6","27.6","27.6","27.6","27.6","27.6","27.6","27.6","27.6","26.3","26.5","26.5","","",
"Greenland","GRL","Profit tax (% of commercial profits)","IC.TAX.PRFT.CP.ZS","","","","","","","","","","","","","","","","","","","","","","","","","","","","","","","","","","","","","","","","","","","","","","","","","","","","","","","","","","","","","","",
"Guatemala","GTM","Profit tax (% of commercial profits)","IC.TAX.PRFT.CP.ZS","","","","","","","","","","","","","","","","","","","","","","","","","","","","","","","","","","","","","","","","","","","","","","26.1","26.1","26.1","25.9","25.9","25.9","25.9","25.9","25.9","24.9","22.5","20.2","20.2","20.2","20.2","","",
"Guam","GUM","Profit tax (% of commercial profits)","IC.TAX.PRFT.CP.ZS","","","","","","","","","","","","","","","","","","","","","","","","","","","","","","","","","","","","","","","","","","","","","","","","","","","","","","","","","","","","","","",
"Guyana","GUY","Profit tax (% of commercial profits)","IC.TAX.PRFT.CP.ZS","","","","","","","","","","","","","","","","","","","","","","","","","","","","","","","","","","","","","","","","","","","","","","27.6","27.6","27.6","27.6","27.5","27.5","24.5","24.5","21.4","21.3","21.3","21.3","21.3","19.6","19.6","","",
"High income","HIC","Profit tax (% of commercial profits)","IC.TAX.PRFT.CP.ZS","","","","","","","","","","","","","","","","","","","","","","","","","","","","","","","","","","","","","","","","","","","","","","17.1297872340425","16.3265306122449","15.2942307692308","15.1377358490566","14.2509433962264","13.7584905660377","13.3927272727273","12.9125","13.9362068965517","14.2103448275862","13.6655172413793","13.6396551724138","13.6379310344828","13.4677966101695","13.4457627118644","","",
"Hong Kong SAR, China","HKG","Profit tax (% of commercial profits)","IC.TAX.PRFT.CP.ZS","","","","","","","","","","","","","","","","","","","","","","","","","","","","","","","","","","","","","","","","","","","","","","18.7","18.7","18.7","18.7","17.6","17.6","17.6","17.6","17.6","17.6","17.5","17.5","17.5","17.5","16.5","","",
"Honduras","HND","Profit tax (% of commercial profits)","IC.TAX.PRFT.CP.ZS","","","","","","","","","","","","","","","","","","","","","","","","","","","","","","","","","","","","","","","","","","","","","","25.2","25.2","25.2","25.2","25.2","25.2","26.7","28.7","30.7","29.9","31.3","31.3","31.3","31.2","29.2","","",
"Heavily indebted poor countries (HIPC)","HPC","Profit tax (% of commercial profits)","IC.TAX.PRFT.CP.ZS","","","","","","","","","","","","","","","","","","","","","","","","","","","","","","","","","","","","","","","","","","","","","","18.527027027027","17.1815789473684","16.9052631578947","16.8710526315789","16.7","16.2763157894737","16.9105263157895","17.3473684210526","17.1763157894737","16.35","16.8","16.9473684210526","16.9210526315789","16.8078947368421","16.8657894736842","","",
"Croatia","HRV","Profit tax (% of commercial profits)","IC.TAX.PRFT.CP.ZS","","","","","","","","","","","","","","","","","","","","","","","","","","","","","","","","","","","","","","","","","","","","","","0","0","0","0","0","0","0","0","0","0","0","0","0","0","0","","",
"Haiti","HTI","Profit tax (% of commercial profits)","IC.TAX.PRFT.CP.ZS","","","","","","","","","","","","","","","","","","","","","","","","","","","","","","","","","","","","","","","","","","","","","","23.8","23.8","23.8","23.8","23.8","23.8","23.8","23.8","23.8","23.8","23.8","23.8","22.7","22.8","22.8","","",
"Hungary","HUN","Profit tax (% of commercial profits)","IC.TAX.PRFT.CP.ZS","","","","","","","","","","","","","","","","","","","","","","","","","","","","","","","","","","","","","","","","","","","","","","5.9","5.2","8.1","9.3","9.3","15.6","14","11.5","11.7","11.8","11.8","9.9","9.9","9.1","9.4","","",
"IBRD only","IBD","Profit tax (% of commercial profits)","IC.TAX.PRFT.CP.ZS","","","","","","","","","","","","","","","","","","","","","","","","","","","","","","","","","","","","","","","","","","","","","","19.4916666666667","18.9524590163934","18.6065573770492","18.3622950819672","17.3704918032787","16.8573770491803","16.9540983606557","16.5887096774194","17.0514705882353","16.8132352941176","16.8323529411765","17.2088235294118","17.3955882352941","17.2720588235294","17.2426470588235","","",
"IDA & IBRD total","IBT","Profit tax (% of commercial profits)","IC.TAX.PRFT.CP.ZS","","","","","","","","","","","","","","","","","","","","","","","","","","","","","","","","","","","","","","","","","","","","","","19.3704","18.692125984252","18.3330708661417","18.1275590551181","17.484375","17.04765625","16.95390625","16.9793893129771","17.2707142857143","17.0957142857143","17.1985714285714","17.42","17.4685714285714","17.3814285714286","17.3442857142857","","",
"IDA total","IDA","Profit tax (% of commercial profits)","IC.TAX.PRFT.CP.ZS","","","","","","","","","","","","","","","","","","","","","","","","","","","","","","","","","","","","","","","","","","","","","","19.2584615384615","18.4515151515151","18.080303030303","17.9106060606061","17.5880597014925","17.2208955223881","16.9537313432836","17.3304347826087","17.4777777777778","17.3625","17.5444444444444","17.6194444444444","17.5375","17.4847222222222","17.4402777777778","","",
"IDA blend","IDB","Profit tax (% of commercial profits)","IC.TAX.PRFT.CP.ZS","","","","","","","","","","","","","","","","","","","","","","","","","","","","","","","","","","","","","","","","","","","","","","23.2153846153846","23.0769230769231","22.5923076923077","22.2923076923077","21.6692307692308","21.4307692307692","21.0153846153846","20.4923076923077","21.5733333333333","20.86","20.7733333333333","21.22","20.8866666666667","20.9866666666667","20.7","","",
"Indonesia","IDN","Profit tax (% of commercial profits)","IC.TAX.PRFT.CP.ZS","","","","","","","","","","","","","","","","","","","","","","","","","","","","","","","","","","","","","","","","","","","","","","","","","","","","","","21.2","19.7","20.2","20","18.2","18.1","18.1","","",
"IDA only","IDX","Profit tax (% of commercial profits)","IC.TAX.PRFT.CP.ZS","","","","","","","","","","","","","","","","","","","","","","","","","","","","","","","","","","","","","","","","","","","","","","18.2692307692308","17.3169811320755","16.9735849056604","16.8358490566038","16.6055555555556","16.2074074074074","15.9759259259259","16.5964285714286","16.4","16.4421052631579","16.6947368421053","16.6719298245614","16.6561403508772","16.5631578947368","16.5824561403509","","",
"Isle of Man","IMN","Profit tax (% of commercial profits)","IC.TAX.PRFT.CP.ZS","","","","","","","","","","","","","","","","","","","","","","","","","","","","","","","","","","","","","","","","","","","","","","","","","","","","","","","","","","","","","","",
"India","IND","Profit tax (% of commercial profits)","IC.TAX.PRFT.CP.ZS","","","","","","","","","","","","","","","","","","","","","","","","","","","","","","","","","","","","","","","","","","","","","","","","","","","","","","23.7","23.4","23.4","23.5","23.5","21.7","21.6","","",
"Not classified","INX","Profit tax (% of commercial profits)","IC.TAX.PRFT.CP.ZS","","","","","","","","","","","","","","","","","","","","","","","","","","","","","","","","","","","","","","","","","","","","","","","","","","","","","","","","","","","","","","",
"Ireland","IRL","Profit tax (% of commercial profits)","IC.TAX.PRFT.CP.ZS","","","","","","","","","","","","","","","","","","","","","","","","","","","","","","","","","","","","","","","","","","","","","","11.9","11.9","11.9","12","12.1","11.8","12","12","12.2","12.4","12.4","12.4","12.4","12.4","12.4","","",
"Iran, Islamic Rep.","IRN","Profit tax (% of commercial profits)","IC.TAX.PRFT.CP.ZS","","","","","","","","","","","","","","","","","","","","","","","","","","","","","","","","","","","","","","","","","","","","","","17.9","17.9","17.9","17.9","17.9","17.8","17.8","17.8","17.8","17.8","17.8","18.4","18.4","18.4","18.4","","",
"Iraq","IRQ","Profit tax (% of commercial profits)","IC.TAX.PRFT.CP.ZS","","","","","","","","","","","","","","","","","","","","","","","","","","","","","","","","","","","","","","","","","","","","","","11.2","15","15","15","15","15","15","15","15","15","15","15","15","15","15","","",
"Iceland","ISL","Profit tax (% of commercial profits)","IC.TAX.PRFT.CP.ZS","","","","","","","","","","","","","","","","","","","","","","","","","","","","","","","","","","","","","","","","","","","","","","8.4","8.5","8.7","8.7","7.3","6.9","7.8","8.5","8.9","8.9","8.9","8.9","9","8.8","8.5","","",
"Israel","ISR","Profit tax (% of commercial profits)","IC.TAX.PRFT.CP.ZS","","","","","","","","","","","","","","","","","","","","","","","","","","","","","","","","","","","","","","","","","","","","","","27.3","26.6","24.6","23.2","21.3","20.5","19.7","19","19.8","19.7","20.9","20.8","19.6","18.8","18","","",
"Italy","ITA","Profit tax (% of commercial profits)","IC.TAX.PRFT.CP.ZS","","","","","","","","","","","","","","","","","","","","","","","","","","","","","","","","","","","","","","","","","","","","","","30.6","31.3","31.3","28.4","23.2","23.2","23.2","23.2","20.4","19.9","19.5","17","23.3","16.8","14.6","","",
"Jamaica","JAM","Profit tax (% of commercial profits)","IC.TAX.PRFT.CP.ZS","","","","","","","","","","","","","","","","","","","","","","","","","","","","","","","","","","","","","","","","","","","","","","27.3","27.3","27.3","27.3","27.3","27.3","28.6","28.7","28.7","21.4","15","14","14","13.6","13.6","","",
"Jordan","JOR","Profit tax (% of commercial profits)","IC.TAX.PRFT.CP.ZS","","","","","","","","","","","","","","","","","","","","","","","","","","","","","","","","","","","","","","","","","","","","","","15.1","15.1","15.1","15.1","15.1","15.2","13.5","13.4","13.3","13.2","13.1","10.6","10.6","10.5","10.5","","",
"Japan","JPN","Profit tax (% of commercial profits)","IC.TAX.PRFT.CP.ZS","","","","","","","","","","","","","","","","","","","","","","","","","","","","","","","","","","","","","","","","","","","","","","","","","","","","","","26.6","28","28","26.3","24.7","24","23.9","","",
"Kazakhstan","KAZ","Profit tax (% of commercial profits)","IC.TAX.PRFT.CP.ZS","","","","","","","","","","","","","","","","","","","","","","","","","","","","","","","","","","","","","","","","","","","","","","24.7","24.7","21.6","21.5","24.1","16.7","16.3","16.3","16.3","16.3","16.2","16.2","16.2","16.2","16.4","","",
"Kenya","KEN","Profit tax (% of commercial profits)","IC.TAX.PRFT.CP.ZS","","","","","","","","","","","","","","","","","","","","","","","","","","","","","","","","","","","","","","","","","","","","","","33","33","33.2","33.2","33.2","33.2","32.4","27.4","30.1","29.8","29.8","30.1","30.1","30.1","30.1","","",
"Kyrgyz Republic","KGZ","Profit tax (% of commercial profits)","IC.TAX.PRFT.CP.ZS","","","","","","","","","","","","","","","","","","","","","","","","","","","","","","","","","","","","","","","","","","","","","","5.1","5.4","3","3","3","8.6","5.9","5.9","6.4","6.4","6.4","6.4","6.4","6.4","6.7","","",
"Cambodia","KHM","Profit tax (% of commercial profits)","IC.TAX.PRFT.CP.ZS","","","","","","","","","","","","","","","","","","","","","","","","","","","","","","","","","","","","","","","","","","","","","","19.4","19.4","19.4","19.4","19.1","19.1","19.1","19.1","19.5","19.5","19.5","19.5","19.4","19.4","19","","",
"Kiribati","KIR","Profit tax (% of commercial profits)","IC.TAX.PRFT.CP.ZS","","","","","","","","","","","","","","","","","","","","","","","","","","","","","","","","","","","","","","","","","","","","","","23.4","23.4","23.4","23.4","23.4","23.4","23.4","23.4","24.3","24.3","24.3","24.3","24.3","24.3","24.3","","",
"St. Kitts and Nevis","KNA","Profit tax (% of commercial profits)","IC.TAX.PRFT.CP.ZS","","","","","","","","","","","","","","","","","","","","","","","","","","","","","","","","","","","","","","","","","","","","","","32.8","32.8","32.8","32.8","32.8","32.8","32.8","32.2","32.3","30.5","30.5","30.5","30.5","30.5","30.5","","",
"Korea, Rep.","KOR","Profit tax (% of commercial profits)","IC.TAX.PRFT.CP.ZS","","","","","","","","","","","","","","","","","","","","","","","","","","","","","","","","","","","","","","","","","","","","","","22.8","18.5","18.6","18.8","17.4","15.6","19.2","19.2","18.4","18.2","18.2","18.2","18.2","18.2","18.2","","",
"Kuwait","KWT","Profit tax (% of commercial profits)","IC.TAX.PRFT.CP.ZS","","","","","","","","","","","","","","","","","","","","","","","","","","","","","","","","","","","","","","","","","","","","","","0","0","0","0","0","0","0","0","0","0","0","0","0","0","0","","",
"Latin America & Caribbean (excluding high income)","LAC","Profit tax (% of commercial profits)","IC.TAX.PRFT.CP.ZS","","","","","","","","","","","","","","","","","","","","","","","","","","","","","","","","","","","","","","","","","","","","","","23.0571428571429","22.4952380952381","22.1952380952381","21.5333333333333","21.2809523809524","21.2142857142857","21.1857142857143","21.3333333333333","21.4869565217391","20.904347826087","20.7652173913044","20.3782608695652","20.4695652173913","20.4652173913043","20.2826086956522","","",
"Lao PDR","LAO","Profit tax (% of commercial profits)","IC.TAX.PRFT.CP.ZS","","","","","","","","","","","","","","","","","","","","","","","","","","","","","","","","","","","","","","","","","","","","","","27.1","27.1","27.1","25.4","25.1","25.1","25.1","25.1","20.1","16.5","16","15.8","15.8","16.4","16.4","","",
"Lebanon","LBN","Profit tax (% of commercial profits)","IC.TAX.PRFT.CP.ZS","","","","","","","","","","","","","","","","","","","","","","","","","","","","","","","","","","","","","","","","","","","","","","11.4","11.4","11.4","6.1","6.1","6.1","6.1","6.1","6.2","6.1","6.1","6.1","6.1","6.2","6.9","","",
"Liberia","LBR","Profit tax (% of commercial profits)","IC.TAX.PRFT.CP.ZS","","","","","","","","","","","","","","","","","","","","","","","","","","","","","","","","","","","","","","","","","","","","","","","0","0","0","0","0","0","17.6","17","21.6","35.4","35.4","35.4","35.4","35.4","","",
"Libya","LBY","Profit tax (% of commercial profits)","IC.TAX.PRFT.CP.ZS","","","","","","","","","","","","","","","","","","","","","","","","","","","","","","","","","","","","","","","","","","","","","","","","","","","","","22.1","22.1","22.1","22.1","22.1","22.1","22.1","22.1","","",
"St. Lucia","LCA","Profit tax (% of commercial profits)","IC.TAX.PRFT.CP.ZS","","","","","","","","","","","","","","","","","","","","","","","","","","","","","","","","","","","","","","","","","","","","","","27.2","25.5","25.5","25.5","25.9","25.4","25.9","25.8","25.8","25.8","25.8","25.8","25.8","25.8","25.8","","",
"Latin America & Caribbean","LCN","Profit tax (% of commercial profits)","IC.TAX.PRFT.CP.ZS","","","","","","","","","","","","","","","","","","","","","","","","","","","","","","","","","","","","","","","","","","","","","","23.1620689655172","22.6068965517241","21.38","21.2666666666667","20.6433333333333","20.64","20.4612903225807","20.1645161290323","20.5242424242424","20.5424242424242","20.3030303030303","20.2030303030303","20.3060606060606","20.4272727272727","20.3181818181818","","",
"Least developed countries: UN classification","LDC","Profit tax (% of commercial profits)","IC.TAX.PRFT.CP.ZS","","","","","","","","","","","","","","","","","","","","","","","","","","","","","","","","","","","","","","","","","","","","","","20.1925","19","18.7536585365854","18.7292682926829","17.9365853658537","17.4853658536585","17.7731707317073","18.2255813953488","17.9386363636364","17.6227272727273","17.8431818181818","17.7954545454545","17.7977272727273","17.7409090909091","17.9636363636364","","",
"Low income","LIC","Profit tax (% of commercial profits)","IC.TAX.PRFT.CP.ZS","","","","","","","","","","","","","","","","","","","","","","","","","","","","","","","","","","","","","","","","","","","","","","18.925","17.22","17.024","16.896","16.7","16.564","17.032","17.1884615384615","16.1576923076923","15.9230769230769","16.45","16.5346153846154","16.5269230769231","16.5269230769231","16.9807692307692","","",
"Liechtenstein","LIE","Profit tax (% of commercial profits)","IC.TAX.PRFT.CP.ZS","","","","","","","","","","","","","","","","","","","","","","","","","","","","","","","","","","","","","","","","","","","","","","","","","","","","","","","","","","","6.4","6.4","","",
"Sri Lanka","LKA","Profit tax (% of commercial profits)","IC.TAX.PRFT.CP.ZS","","","","","","","","","","","","","","","","","","","","","","","","","","","","","","","","","","","","","","","","","","","","","","22.5","25.6","27.5","27.5","27.5","22.6","25.7","1","3","1.4","1.1","1.2","1.2","1.2","1.2","","",
"Lower middle income","LMC","Profit tax (% of commercial profits)","IC.TAX.PRFT.CP.ZS","","","","","","","","","","","","","","","","","","","","","","","","","","","","","","","","","","","","","","","","","","","","","","18.40625","18.04375","17.6458333333333","17.2791666666667","16.9416666666667","16.4416666666667","16.0708333333333","15.7244897959184","17.1277777777778","17.0203703703704","16.8","16.812962962963","16.8740740740741","16.6962962962963","16.3925925925926","","",
"Low & middle income","LMY","Profit tax (% of commercial profits)","IC.TAX.PRFT.CP.ZS","","","","","","","","","","","","","","","","","","","","","","","","","","","","","","","","","","","","","","","","","","","","","","19.4026086956522","18.7290598290598","18.3931623931624","18.034188034188","17.4686440677966","17.0220338983051","16.9584745762712","16.9553719008264","17.2115384615385","17.0684615384615","17.1753846153846","17.3884615384615","17.4346153846154","17.3084615384615","17.2376923076923","","",
"Lesotho","LSO","Profit tax (% of commercial profits)","IC.TAX.PRFT.CP.ZS","","","","","","","","","","","","","","","","","","","","","","","","","","","","","","","","","","","","","","","","","","","","","","17.1","17.1","12.9","10.8","10.8","10.8","10.8","10.8","10.8","10.8","10.8","10.8","10.8","10.8","10.8","","",
"Late-demographic dividend","LTE","Profit tax (% of commercial profits)","IC.TAX.PRFT.CP.ZS","","","","","","","","","","","","","","","","","","","","","","","","","","","","","","","","","","","","","","","","","","","","","","17.3325","17.3595238095238","16.25","15.84","14.8511111111111","14.0133333333333","14.0422222222222","13.16","13.4729166666667","13.65625","13.49375","13.6125","13.6354166666667","13.5270833333333","13.43125","","",
"Lithuania","LTU","Profit tax (% of commercial profits)","IC.TAX.PRFT.CP.ZS","","","","","","","","","","","","","","","","","","","","","","","","","","","","","","","","","","","","","","","","","","","","","","5.7","6.4","8.9","8.5","6.5","7.8","5.8","6","6","5.9","5.9","5.9","5.9","5.9","5.9","","",
"Luxembourg","LUX","Profit tax (% of commercial profits)","IC.TAX.PRFT.CP.ZS","","","","","","","","","","","","","","","","","","","","","","","","","","","","","","","","","","","","","","","","","","","","","","","4.7","4.2","4.2","4.2","4.2","4.2","4.2","4.2","4.6","4.6","4.6","4.2","4.2","4.2","","",
"Latvia","LVA","Profit tax (% of commercial profits)","IC.TAX.PRFT.CP.ZS","","","","","","","","","","","","","","","","","","","","","","","","","","","","","","","","","","","","","","","","","","","","","","6.8","6.8","6.8","6.7","6.6","6.6","6.1","4.8","4.9","4.9","6.3","6.3","6.3","6.4","7.8","","",
"Macao SAR, China","MAC","Profit tax (% of commercial profits)","IC.TAX.PRFT.CP.ZS","","","","","","","","","","","","","","","","","","","","","","","","","","","","","","","","","","","","","","","","","","","","","","","","","","","","","","","","","","","","","","",
"St. Martin (French part)","MAF","Profit tax (% of commercial profits)","IC.TAX.PRFT.CP.ZS","","","","","","","","","","","","","","","","","","","","","","","","","","","","","","","","","","","","","","","","","","","","","","","","","","","","","","","","","","","","","","",
"Morocco","MAR","Profit tax (% of commercial profits)","IC.TAX.PRFT.CP.ZS","","","","","","","","","","","","","","","","","","","","","","","","","","","","","","","","","","","","","","","","","","","","","","30.5","30.5","29.9","29.9","25.3","25.1","25.1","25.1","25.5","25.4","25.4","25.3","25.1","25.1","21.1","","",
"Monaco","MCO","Profit tax (% of commercial profits)","IC.TAX.PRFT.CP.ZS","","","","","","","","","","","","","","","","","","","","","","","","","","","","","","","","","","","","","","","","","","","","","","","","","","","","","","","","","","","","","","",
"Moldova","MDA","Profit tax (% of commercial profits)","IC.TAX.PRFT.CP.ZS","","","","","","","","","","","","","","","","","","","","","","","","","","","","","","","","","","","","","","","","","","","","","","13.4","12.2","10.4","10.4","0","0","0","0","9","9","8.9","8.9","8.9","8.6","8.4","","",
"Madagascar","MDG","Profit tax (% of commercial profits)","IC.TAX.PRFT.CP.ZS","","","","","","","","","","","","","","","","","","","","","","","","","","","","","","","","","","","","","","","","","","","","","","22","22","22","24.1","20.4","19.6","18.8","18","17.1","16.3","16.3","16.3","16.3","16.6","16.6","","",
"Maldives","MDV","Profit tax (% of commercial profits)","IC.TAX.PRFT.CP.ZS","","","","","","","","","","","","","","","","","","","","","","","","","","","","","","","","","","","","","","","","","","","","","","0","0","0","0","0","0","0","11.3","13.1","13.1","13.1","13.1","13.1","13.1","13.1","","",
"Middle East & North Africa","MEA","Profit tax (% of commercial profits)","IC.TAX.PRFT.CP.ZS","","","","","","","","","","","","","","","","","","","","","","","","","","","","","","","","","","","","","","","","","","","","","","15.8647058823529","15.2941176470588","13.4473684210526","12.8578947368421","12.4947368421053","12.4052631578947","12.43","12.8714285714286","12.6857142857143","12.8952380952381","12.8190476190476","12.8190476190476","12.8952380952381","12.8285714285714","12.6904761904762","","",
"Mexico","MEX","Profit tax (% of commercial profits)","IC.TAX.PRFT.CP.ZS","","","","","","","","","","","","","","","","","","","","","","","","","","","","","","","","","","","","","","","","","","","","","","","","","","","","","","26.4","26.5","27.2","26.4","26.9","27.9","27","","",
"Marshall Islands","MHL","Profit tax (% of commercial profits)","IC.TAX.PRFT.CP.ZS","","","","","","","","","","","","","","","","","","","","","","","","","","","","","","","","","","","","","","","","","","","","","","0","0","0","0","0","0","0","0","0","0","0","0","0","0","0","","",
"Middle income","MIC","Profit tax (% of commercial profits)","IC.TAX.PRFT.CP.ZS","","","","","","","","","","","","","","","","","","","","","","","","","","","","","","","","","","","","","","","","","","","","","","19.5285714285714","19.1391304347826","18.7652173913043","18.3434782608696","17.6752688172043","17.1451612903226","16.9387096774194","16.8915789473684","17.475","17.3548076923077","17.3567307692308","17.6019230769231","17.6615384615385","17.5038461538462","17.3019230769231","","",
"North Macedonia","MKD","Profit tax (% of commercial profits)","IC.TAX.PRFT.CP.ZS","","","","","","","","","","","","","","","","","","","","","","","","","","","","","","","","","","","","","","","","","","","","","","15.3","15.4","15.4","12.7","10.2","5.5","5.6","5.5","5.5","6.4","11","11","11","11","11","","",
"Mali","MLI","Profit tax (% of commercial profits)","IC.TAX.PRFT.CP.ZS","","","","","","","","","","","","","","","","","","","","","","","","","","","","","","","","","","","","","","","","","","","","","","13.3","13.3","13.3","13.3","13.3","13.3","11.2","11.2","10.1","10.1","10.1","10.1","10.1","10.1","7.5","","",
"Malta","MLT","Profit tax (% of commercial profits)","IC.TAX.PRFT.CP.ZS","","","","","","","","","","","","","","","","","","","","","","","","","","","","","","","","","","","","","","","","","","","","","","","","","","","","30.2","30.2","30.3","30.2","30.2","32.4","32.3","32.3","32.3","","",
"Myanmar","MMR","Profit tax (% of commercial profits)","IC.TAX.PRFT.CP.ZS","","","","","","","","","","","","","","","","","","","","","","","","","","","","","","","","","","","","","","","","","","","","","","","","","","","","","33.5","29.4","28","26.9","26.9","26.8","26.8","26.8","","",
"Middle East & North Africa (excluding high income)","MNA","Profit tax (% of commercial profits)","IC.TAX.PRFT.CP.ZS","","","","","","","","","","","","","","","","","","","","","","","","","","","","","","","","","","","","","","","","","","","","","","19.2166666666667","18.5","18.25","17.4333333333333","17.0166666666667","16.9416666666667","15.5416666666667","16.0692307692308","15.6153846153846","15.9769230769231","15.7692307692308","15.6153846153846","15.8384615384615","15.5153846153846","15.3538461538462","","",
"Montenegro","MNE","Profit tax (% of commercial profits)","IC.TAX.PRFT.CP.ZS","","","","","","","","","","","","","","","","","","","","","","","","","","","","","","","","","","","","","","","","","","","","","","","9.6","9.6","9.5","7.5","7.5","8","8.3","8.3","8.3","8.3","8.2","8.2","8.3","8.3","","",
"Mongolia","MNG","Profit tax (% of commercial profits)","IC.TAX.PRFT.CP.ZS","","","","","","","","","","","","","","","","","","","","","","","","","","","","","","","","","","","","","","","","","","","","","","15.3","15.3","15.3","9.2","10","11.5","10.3","10.5","10.5","10.3","10.3","10.3","10.3","10.3","10.2","","",
"Northern Mariana Islands","MNP","Profit tax (% of commercial profits)","IC.TAX.PRFT.CP.ZS","","","","","","","","","","","","","","","","","","","","","","","","","","","","","","","","","","","","","","","","","","","","","","","","","","","","","","","","","","","","","","",
"Mozambique","MOZ","Profit tax (% of commercial profits)","IC.TAX.PRFT.CP.ZS","","","","","","","","","","","","","","","","","","","","","","","","","","","","","","","","","","","","","","","","","","","","","","30.4","30.4","30.4","30.4","30.4","30.4","30.4","30.4","30.8","30.8","30.8","30.8","30.8","30.8","30.8","","",
"Mauritania","MRT","Profit tax (% of commercial profits)","IC.TAX.PRFT.CP.ZS","","","","","","","","","","","","","","","","","","","","","","","","","","","","","","","","","","","","","","","","","","","","","","0","0","0","0","0","0","0","0","0","0","0","0","0","0","0","","",
"Mauritius","MUS","Profit tax (% of commercial profits)","IC.TAX.PRFT.CP.ZS","","","","","","","","","","","","","","","","","","","","","","","","","","","","","","","","","","","","","","","","","","","","","","12.3","12.1","10.3","10.7","10.6","10.5","10.8","9.4","10.1","10.1","10.4","10.4","10.4","10.3","10.3","","",
"Malawi","MWI","Profit tax (% of commercial profits)","IC.TAX.PRFT.CP.ZS","","","","","","","","","","","","","","","","","","","","","","","","","","","","","","","","","","","","","","","","","","","","","","30.4","30.4","30.1","29.2","23.4","22.9","23.2","21.7","21.3","20.1","20.4","20.4","20.4","20.4","20.4","","",
"Malaysia","MYS","Profit tax (% of commercial profits)","IC.TAX.PRFT.CP.ZS","","","","","","","","","","","","","","","","","","","","","","","","","","","","","","","","","","","","","","","","","","","","","","19.1","19.1","19.1","17.5","16.5","16.9","17.1","17.6","21.7","21.9","22.7","22.7","21.8","21.8","19.6","","",
"North America","NAC","Profit tax (% of commercial profits)","IC.TAX.PRFT.CP.ZS","","","","","","","","","","","","","","","","","","","","","","","","","","","","","","","","","","","","","","","","","","","","","","27.3","25.1","25.4","24.8","23.2","3.2","1.9","2.3","15.6","16.05","16","16","15.85","15.9","14.35","","",
"Namibia","NAM","Profit tax (% of commercial profits)","IC.TAX.PRFT.CP.ZS","","","","","","","","","","","","","","","","","","","","","","","","","","","","","","","","","","","","","","","","","","","","","","18.9","18.9","18.9","18","18.2","18.2","17.7","17.7","18","17.5","17.2","16.7","16.7","16.7","16.7","","",
"New Caledonia","NCL","Profit tax (% of commercial profits)","IC.TAX.PRFT.CP.ZS","","","","","","","","","","","","","","","","","","","","","","","","","","","","","","","","","","","","","","","","","","","","","","","","","","","","","","","","","","","","","","",
"Niger","NER","Profit tax (% of commercial profits)","IC.TAX.PRFT.CP.ZS","","","","","","","","","","","","","","","","","","","","","","","","","","","","","","","","","","","","","","","","","","","","","","15","15","15","15","20.3","20.3","17.3","17.3","22","21.5","21.2","21.2","21.6","21.6","21.6","","",
"Nigeria","NGA","Profit tax (% of commercial profits)","IC.TAX.PRFT.CP.ZS","","","","","","","","","","","","","","","","","","","","","","","","","","","","","","","","","","","","","","","","","","","","","","","","","","","","","","21.8","21.8","21.4","20.9","21","21","21","","",
"Nicaragua","NIC","Profit tax (% of commercial profits)","IC.TAX.PRFT.CP.ZS","","","","","","","","","","","","","","","","","","","","","","","","","","","","","","","","","","","","","","","","","","","","","","23.7","23.7","23.7","23.5","23.5","25","23.1","21.5","21.5","18.3","18","17.6","17.5","17.3","17.3","","",
"Netherlands","NLD","Profit tax (% of commercial profits)","IC.TAX.PRFT.CP.ZS","","","","","","","","","","","","","","","","","","","","","","","","","","","","","","","","","","","","","","","","","","","","","","29.5","27.2","25.8","22.1","21","21.3","21.2","20.9","20.9","21.1","20.4","20.6","20.5","20.5","20.4","","",
"Norway","NOR","Profit tax (% of commercial profits)","IC.TAX.PRFT.CP.ZS","","","","","","","","","","","","","","","","","","","","","","","","","","","","","","","","","","","","","","","","","","","","","","25.2","25.2","25.2","24.8","24.8","24.8","24.8","24.8","24.8","24.5","23.6","23.6","21.8","20.8","20","","",
"Nepal","NPL","Profit tax (% of commercial profits)","IC.TAX.PRFT.CP.ZS","","","","","","","","","","","","","","","","","","","","","","","","","","","","","","","","","","","","","","","","","","","","","","19.9","19.9","18.8","20.1","18.4","17.6","17.2","17.2","17.6","17.6","17.6","17.6","17.6","16","15","","",
"Nauru","NRU","Profit tax (% of commercial profits)","IC.TAX.PRFT.CP.ZS","","","","","","","","","","","","","","","","","","","","","","","","","","","","","","","","","","","","","","","","","","","","","","","","","","","","","","","","","","","","","","",
"New Zealand","NZL","Profit tax (% of commercial profits)","IC.TAX.PRFT.CP.ZS","","","","","","","","","","","","","","","","","","","","","","","","","","","","","","","","","","","","","","","","","","","","","","33.1","31.9","32","32.3","29.2","30.2","29.9","28.6","30","30","30","30","29.9","29.9","29.9","","",
"OECD members","OED","Profit tax (% of commercial profits)","IC.TAX.PRFT.CP.ZS","","","","","","","","","","","","","","","","","","","","","","","","","","","","","","","","","","","","","","","","","","","","","","17.8911764705882","16.7514285714286","16.74","16.2142857142857","15.4771428571429","15.1857142857143","14.3657142857143","14.2657142857143","15.8315789473684","15.9868421052632","15.6315789473684","15.4973684210526","15.5578947368421","15.3263157894737","15.1526315789474","","",
"Oman","OMN","Profit tax (% of commercial profits)","IC.TAX.PRFT.CP.ZS","","","","","","","","","","","","","","","","","","","","","","","","","","","","","","","","","","","","","","","","","","","","","","9.3","9.2","9.7","9.7","9.7","9.7","10","10","11.1","11","10.9","10.8","10.8","14.4","14.4","","",
"Other small states","OSS","Profit tax (% of commercial profits)","IC.TAX.PRFT.CP.ZS","","","","","","","","","","","","","","","","","","","","","","","","","","","","","","","","","","","","","","","","","","","","","","19.5894736842105","19.2","17.2565217391304","16.8625","15.1833333333333","13.9958333333333","14.548","15.0961538461538","15.4269230769231","15.1423076923077","14.9384615384615","16.0192307692308","15.9576923076923","15.8692307692308","16.5230769230769","","",
"Pakistan","PAK","Profit tax (% of commercial profits)","IC.TAX.PRFT.CP.ZS","","","","","","","","","","","","","","","","","","","","","","","","","","","","","","","","","","","","","","","","","","","","","","","","","","","","","","18.7","18.7","18.6","18.4","18.3","18.2","17.8","","",
"Panama","PAN","Profit tax (% of commercial profits)","IC.TAX.PRFT.CP.ZS","","","","","","","","","","","","","","","","","","","","","","","","","","","","","","","","","","","","","","","","","","","","","","12.4","12.5","12.2","12.6","12.6","12.5","12.5","11.4","12.5","12.4","12.4","12.4","12.4","12.4","12.4","","",
"Peru","PER","Profit tax (% of commercial profits)","IC.TAX.PRFT.CP.ZS","","","","","","","","","","","","","","","","","","","","","","","","","","","","","","","","","","","","","","","","","","","","","","24.8","24.8","24.8","25.1","25.1","23.9","23.5","23.6","23.2","23.1","23.1","21.4","21.4","22.7","22.7","","",
"Philippines","PHL","Profit tax (% of commercial profits)","IC.TAX.PRFT.CP.ZS","","","","","","","","","","","","","","","","","","","","","","","","","","","","","","","","","","","","","","","","","","","","","","20.1","20.5","22","23.1","23.1","19.8","19.5","19.6","20.5","20.5","20.3","20.3","20.3","20.3","20.2","","",
"Palau","PLW","Profit tax (% of commercial profits)","IC.TAX.PRFT.CP.ZS","","","","","","","","","","","","","","","","","","","","","","","","","","","","","","","","","","","","","","","","","","","","","","65.9","65.9","65.9","65.9","65.9","65.9","65.9","65.8","65.8","65.8","65.8","65.8","65.8","65.8","65.8","","",
"Papua New Guinea","PNG","Profit tax (% of commercial profits)","IC.TAX.PRFT.CP.ZS","","","","","","","","","","","","","","","","","","","","","","","","","","","","","","","","","","","","","","","","","","","","","","22.3","22.3","22.3","22.3","22","22","22","22","23.2","23.2","23.2","23.2","23.2","23.2","23.2","","",
"Poland","POL","Profit tax (% of commercial profits)","IC.TAX.PRFT.CP.ZS","","","","","","","","","","","","","","","","","","","","","","","","","","","","","","","","","","","","","","","","","","","","","","14.8","14.8","14.8","16.7","17.4","15.5","15","15","14.7","14.5","14.5","14.5","14.5","14.5","14.5","","",
"Pre-demographic dividend","PRE","Profit tax (% of commercial profits)","IC.TAX.PRFT.CP.ZS","","","","","","","","","","","","","","","","","","","","","","","","","","","","","","","","","","","","","","","","","","","","","","18.0181818181818","16.7588235294118","16.6647058823529","16.7","15.8441176470588","15.6970588235294","16.4617647058824","16.4371428571429","16.5833333333333","15.8194444444444","16.1666666666667","17.2777777777778","17.3055555555556","17.2611111111111","17.5722222222222","","",
"Puerto Rico","PRI","Profit tax (% of commercial profits)","IC.TAX.PRFT.CP.ZS","","","","","","","","","","","","","","","","","","","","","","","","","","","","","","","","","","","","","","","","","","","","","","29.9","29.9","29.9","27.9","27.9","28.9","28.3","15.6","15.9","32.3","27.1","30.8","30.8","30.8","30.8","","",
"Korea, Dem. People's Rep.","PRK","Profit tax (% of commercial profits)","IC.TAX.PRFT.CP.ZS","","","","","","","","","","","","","","","","","","","","","","","","","","","","","","","","","","","","","","","","","","","","","","","","","","","","","","","","","","","","","","",
"Portugal","PRT","Profit tax (% of commercial profits)","IC.TAX.PRFT.CP.ZS","","","","","","","","","","","","","","","","","","","","","","","","","","","","","","","","","","","","","","","","","","","","","","15.3","15.3","14.9","14.4","14.4","15.1","15.2","14.5","15","15","13.5","12.5","12.5","12.5","12.5","","",
"Paraguay","PRY","Profit tax (% of commercial profits)","IC.TAX.PRFT.CP.ZS","","","","","","","","","","","","","","","","","","","","","","","","","","","","","","","","","","","","","","","","","","","","","","29.2","19.4","9.7","9.6","9.6","9.6","9.6","9.6","9.6","9.6","9.6","9.6","9.6","9.6","9.6","","",
"West Bank and Gaza","PSE","Profit tax (% of commercial profits)","IC.TAX.PRFT.CP.ZS","","","","","","","","","","","","","","","","","","","","","","","","","","","","","","","","","","","","","","","","","","","","","","22","17.6","16.5","16.2","16.2","16.2","16.2","16.2","16.2","15","15","15","15","15","15","","",
"Pacific island small states","PSS","Profit tax (% of commercial profits)","IC.TAX.PRFT.CP.ZS","","","","","","","","","","","","","","","","","","","","","","","","","","","","","","","","","","","","","","","","","","","","","","19.3333333333333","19.3333333333333","19.3333333333333","19.2333333333333","18.6555555555556","18.5444444444444","18.4444444444444","18.4","18.5333333333333","18.5","18.5","18.4555555555556","18.3","18.3444444444444","18.3444444444444","","",
"Post-demographic dividend","PST","Profit tax (% of commercial profits)","IC.TAX.PRFT.CP.ZS","","","","","","","","","","","","","","","","","","","","","","","","","","","","","","","","","","","","","","","","","","","","","","18.3935483870968","16.953125","17.0125","16.525","15.1375","14.85625","14.6323529411765","14.0058823529412","15.2722222222222","15.3694444444444","14.7666666666667","14.6777777777778","14.8361111111111","14.55","14.3083333333333","","",
"French Polynesia","PYF","Profit tax (% of commercial profits)","IC.TAX.PRFT.CP.ZS","","","","","","","","","","","","","","","","","","","","","","","","","","","","","","","","","","","","","","","","","","","","","","","","","","","","","","","","","","","","","","",
"Qatar","QAT","Profit tax (% of commercial profits)","IC.TAX.PRFT.CP.ZS","","","","","","","","","","","","","","","","","","","","","","","","","","","","","","","","","","","","","","","","","","","","","","","","0","0","0","0","0","0","0","0","0","0","0","0","0","","",
"Romania","ROU","Profit tax (% of commercial profits)","IC.TAX.PRFT.CP.ZS","","","","","","","","","","","","","","","","","","","","","","","","","","","","","","","","","","","","","","","","","","","","","","17.2","9.7","10.2","10.2","10.2","10.5","10.6","10.7","10.7","10.7","10.9","12.3","12.3","12.3","15.6","","",
"Russian Federation","RUS","Profit tax (% of commercial profits)","IC.TAX.PRFT.CP.ZS","","","","","","","","","","","","","","","","","","","","","","","","","","","","","","","","","","","","","","","","","","","","","","","","","","","","","","8.5","8.4","8.9","8.8","8.8","7.4","7.4","","",
"Rwanda","RWA","Profit tax (% of commercial profits)","IC.TAX.PRFT.CP.ZS","","","","","","","","","","","","","","","","","","","","","","","","","","","","","","","","","","","","","","","","","","","","","","28","28","24","23.9","25.1","25.1","25.1","25.2","25.8","25.8","25.8","25.8","25.7","25.7","25.7","","",
"South Asia","SAS","Profit tax (% of commercial profits)","IC.TAX.PRFT.CP.ZS","","","","","","","","","","","","","","","","","","","","","","","","","","","","","","","","","","","","","","","","","","","","","","15.08","15.7","15.86","16.12","15.78","14.64","15.18","12.5","17.7","17.4625","17.275","17.275","17.3375","16.9","16.7125","","",
"Saudi Arabia","SAU","Profit tax (% of commercial profits)","IC.TAX.PRFT.CP.ZS","","","","","","","","","","","","","","","","","","","","","","","","","","","","","","","","","","","","","","","","","","","","","","2.5","2.2","2.2","2.2","2.2","2.2","2.2","2.2","2.2","2.2","2.2","2.2","2.2","2.2","2.2","","",
"Sudan","SDN","Profit tax (% of commercial profits)","IC.TAX.PRFT.CP.ZS","","","","","","","","","","","","","","","","","","","","","","","","","","","","","","","","","","","","","","","","","","","","","","27.4","13.8","13.8","13.8","13.8","13.8","13.8","13.8","11.5","11.5","11.5","11.5","11.5","11.5","11.5","","",
"Senegal","SEN","Profit tax (% of commercial profits)","IC.TAX.PRFT.CP.ZS","","","","","","","","","","","","","","","","","","","","","","","","","","","","","","","","","","","","","","","","","","","","","","19.8","15","15","15","15","15","15","15","16.2","16.2","18.4","16.2","16.2","16.2","16.2","","",
"Singapore","SGP","Profit tax (% of commercial profits)","IC.TAX.PRFT.CP.ZS","","","","","","","","","","","","","","","","","","","","","","","","","","","","","","","","","","","","","","","","","","","","","","10","6.2","6.3","7.9","8","7.1","6.5","0","1.8","1.6","1.7","1.8","1.5","1.7","2.1","","",
"Solomon Islands","SLB","Profit tax (% of commercial profits)","IC.TAX.PRFT.CP.ZS","","","","","","","","","","","","","","","","","","","","","","","","","","","","","","","","","","","","","","","","","","","","","","14.6","14.6","14.6","14.6","14.6","14.6","14.6","15","23.3","23.3","23.3","23.3","23.3","23.3","23.3","","",
"Sierra Leone","SLE","Profit tax (% of commercial profits)","IC.TAX.PRFT.CP.ZS","","","","","","","","","","","","","","","","","","","","","","","","","","","","","","","","","","","","","","","","","","","","","","0","0","0","0","0","0","18.2","18.2","18.8","18.8","18.5","18.5","18.5","18.5","18.5","","",
"El Salvador","SLV","Profit tax (% of commercial profits)","IC.TAX.PRFT.CP.ZS","","","","","","","","","","","","","","","","","","","","","","","","","","","","","","","","","","","","","","","","","","","","","","17.2","17.2","17.2","17.2","17.1","17.1","17.1","17.1","20.2","20.2","20.2","16.9","16.9","16.9","16.6","","",
"San Marino","SMR","Profit tax (% of commercial profits)","IC.TAX.PRFT.CP.ZS","","","","","","","","","","","","","","","","","","","","","","","","","","","","","","","","","","","","","","","","","","","","","","","","","","","","","10.3","10.3","10.3","10.2","5.1","5.1","5.1","5","","",
"Somalia","SOM","Profit tax (% of commercial profits)","IC.TAX.PRFT.CP.ZS","","","","","","","","","","","","","","","","","","","","","","","","","","","","","","","","","","","","","","","","","","","","","","","","","","","","","","","","","","","","","","",
"Serbia","SRB","Profit tax (% of commercial profits)","IC.TAX.PRFT.CP.ZS","","","","","","","","","","","","","","","","","","","","","","","","","","","","","","","","","","","","","","","","","","","","","","6.8","6.8","6.8","6.8","6.8","8.8","8.8","8.8","8.8","13.2","13","13","13","13","13","","",
"Sub-Saharan Africa (excluding high income)","SSA","Profit tax (% of commercial profits)","IC.TAX.PRFT.CP.ZS","","","","","","","","","","","","","","","","","","","","","","","","","","","","","","","","","","","","","","","","","","","","","","19.5279069767442","18.3136363636364","17.7568181818182","17.6136363636364","17.775","17.3818181818182","17.8681818181818","17.9111111111111","17.9565217391304","17.2478260869565","17.5717391304348","18.4108695652174","18.4391304347826","18.3782608695652","18.4630434782609","","",
"South Sudan","SSD","Profit tax (% of commercial profits)","IC.TAX.PRFT.CP.ZS","","","","","","","","","","","","","","","","","","","","","","","","","","","","","","","","","","","","","","","","","","","","","","","","","","","","","4.7","7","6.9","6.9","9.2","9.2","9.2","9.2","","",
"Sub-Saharan Africa","SSF","Profit tax (% of commercial profits)","IC.TAX.PRFT.CP.ZS","","","","","","","","","","","","","","","","","","","","","","","","","","","","","","","","","","","","","","","","","","","","","","19.5931818181818","18.4044444444444","17.86","17.7466666666667","17.8422222222222","17.4155555555556","17.8688888888889","17.9826086956522","18.0744680851064","17.2851063829787","17.5978723404255","18.4191489361702","18.4468085106383","18.3872340425532","18.4702127659574","","",
"Small states","SST","Profit tax (% of commercial profits)","IC.TAX.PRFT.CP.ZS","","","","","","","","","","","","","","","","","","","","","","","","","","","","","","","","","","","","","","","","","","","","","","22.2230769230769","21.7585365853659","20.0045454545455","19.6866666666667","18.5066666666667","17.7622222222222","17.968085106383","18.175","18.3416666666667","17.9833333333333","17.7270833333333","18.2458333333333","18.10625","18.0916666666667","18.4125","","",
"Sao Tome and Principe","STP","Profit tax (% of commercial profits)","IC.TAX.PRFT.CP.ZS","","","","","","","","","","","","","","","","","","","","","","","","","","","","","","","","","","","","","","","","","","","","","","32.3","32.1","32.1","32.1","32.1","19.5","19.8","19.8","19.8","20","20","19.4","19.4","19.4","19.4","","",
"Suriname","SUR","Profit tax (% of commercial profits)","IC.TAX.PRFT.CP.ZS","","","","","","","","","","","","","","","","","","","","","","","","","","","","","","","","","","","","","","","","","","","","","","27.9","27.9","27.9","27.9","27.9","27.9","27.9","27.9","27.9","27.9","27.9","27.9","27.9","27.9","27.9","","",
"Slovak Republic","SVK","Profit tax (% of commercial profits)","IC.TAX.PRFT.CP.ZS","","","","","","","","","","","","","","","","","","","","","","","","","","","","","","","","","","","","","","","","","","","","","","8","7.4","7.4","7.5","8.3","8.1","8.3","7.8","7.9","8.4","9.4","9.5","9.5","9.1","9.1","","",
"Slovenia","SVN","Profit tax (% of commercial profits)","IC.TAX.PRFT.CP.ZS","","","","","","","","","","","","","","","","","","","","","","","","","","","","","","","","","","","","","","","","","","","","","","14.3","14.3","14.5","13.6","15.6","15.3","14.6","14.6","13.1","12.7","12.7","12.7","12.7","12.7","12.7","","",
"Sweden","SWE","Profit tax (% of commercial profits)","IC.TAX.PRFT.CP.ZS","","","","","","","","","","","","","","","","","","","","","","","","","","","","","","","","","","","","","","","","","","","","","","16.6","16.6","16.8","16.8","16.7","16","16","16","16","13.1","13.1","13.1","13.1","13.1","13.1","","",
"Eswatini","SWZ","Profit tax (% of commercial profits)","IC.TAX.PRFT.CP.ZS","","","","","","","","","","","","","","","","","","","","","","","","","","","","","","","","","","","","","","","","","","","","","","28.1","28.1","28.1","28.1","28.1","28.1","27.7","28.1","28.1","28","25.6","25.5","25.4","25.3","25.2","","",
"Sint Maarten (Dutch part)","SXM","Profit tax (% of commercial profits)","IC.TAX.PRFT.CP.ZS","","","","","","","","","","","","","","","","","","","","","","","","","","","","","","","","","","","","","","","","","","","","","","","","","","","","","","","","","","","","","","",
"Seychelles","SYC","Profit tax (% of commercial profits)","IC.TAX.PRFT.CP.ZS","","","","","","","","","","","","","","","","","","","","","","","","","","","","","","","","","","","","","","","","","","","","","","22.4","22.4","22.4","23.6","20.8","18.9","17.9","21.2","23.5","19","18.8","18.8","18.8","18.8","18.8","","",
"Syrian Arab Republic","SYR","Profit tax (% of commercial profits)","IC.TAX.PRFT.CP.ZS","","","","","","","","","","","","","","","","","","","","","","","","","","","","","","","","","","","","","","","","","","","","","","23.6","23.6","23.6","20.6","20","20","20","20","20","23","23","23","23","23","23","","",
"Turks and Caicos Islands","TCA","Profit tax (% of commercial profits)","IC.TAX.PRFT.CP.ZS","","","","","","","","","","","","","","","","","","","","","","","","","","","","","","","","","","","","","","","","","","","","","","","","","","","","","","","","","","","","","","",
"Chad","TCD","Profit tax (% of commercial profits)","IC.TAX.PRFT.CP.ZS","","","","","","","","","","","","","","","","","","","","","","","","","","","","","","","","","","","","","","","","","","","","","","31.3","31.3","31.3","31.3","31.3","31.3","31.3","31.3","31.3","31.3","31.3","31.3","31.3","31.3","31.3","","",
"East Asia & Pacific (IDA & IBRD countries)","TEA","Profit tax (% of commercial profits)","IC.TAX.PRFT.CP.ZS","","","","","","","","","","","","","","","","","","","","","","","","","","","","","","","","","","","","","","","","","","","","","","20.9833333333333","20.9833333333333","21.0888888888889","20.6555555555556","19.1611111111111","18.5777777777778","18.7222222222222","19.2210526315789","18.7809523809524","18.3190476190476","18.1761904761905","18.2666666666667","18.0333333333333","18.0857142857143","17.6571428571429","","",
"Europe & Central Asia (IDA & IBRD countries)","TEC","Profit tax (% of commercial profits)","IC.TAX.PRFT.CP.ZS","","","","","","","","","","","","","","","","","","","","","","","","","","","","","","","","","","","","","","","","","","","","","","13.4578947368421","12.97","12.585","12.405","11.0428571428571","10.1619047619048","9.34285714285714","8.89047619047619","9.25909090909091","10.8090909090909","11.2454545454545","11.2227272727273","11.4090909090909","11.0954545454545","11.4136363636364","","",
"Togo","TGO","Profit tax (% of commercial profits)","IC.TAX.PRFT.CP.ZS","","","","","","","","","","","","","","","","","","","","","","","","","","","","","","","","","","","","","","","","","","","","","","11","11","11","11","11.2","9","9.5","9.5","9.5","10","10.7","10.7","10.7","10.3","10.3","","",
"Thailand","THA","Profit tax (% of commercial profits)","IC.TAX.PRFT.CP.ZS","","","","","","","","","","","","","","","","","","","","","","","","","","","","","","","","","","","","","","","","","","","","","","29","28.6","29","28.5","29.5","29.5","29.5","28.6","22.7","19.8","19.6","22.4","22.6","22.2","22.2","","",
"Tajikistan","TJK","Profit tax (% of commercial profits)","IC.TAX.PRFT.CP.ZS","","","","","","","","","","","","","","","","","","","","","","","","","","","","","","","","","","","","","","","","","","","","","","17.7","17.7","17.7","17.7","17.7","17.7","0","0","0","17.7","17.7","17.7","17.7","17.7","17.7","","",
"Turkmenistan","TKM","Profit tax (% of commercial profits)","IC.TAX.PRFT.CP.ZS","","","","","","","","","","","","","","","","","","","","","","","","","","","","","","","","","","","","","","","","","","","","","","","","","","","","","","","","","","","","","","",
"Latin America & the Caribbean (IDA & IBRD countries)","TLA","Profit tax (% of commercial profits)","IC.TAX.PRFT.CP.ZS","","","","","","","","","","","","","","","","","","","","","","","","","","","","","","","","","","","","","","","","","","","","","","22.9214285714286","22.3464285714286","21.8392857142857","21.7892857142857","21.1214285714286","21.0821428571429","20.95","21.0714285714286","21.3966666666667","20.87","20.78","20.5466666666667","20.6433333333333","20.78","20.6633333333333","","",
"Timor-Leste","TLS","Profit tax (% of commercial profits)","IC.TAX.PRFT.CP.ZS","","","","","","","","","","","","","","","","","","","","","","","","","","","","","","","","","","","","","","","","","","","","","","30.8","30.8","30.8","32.7","11.2","11.2","11.2","11.2","11.2","11.2","11.2","11.2","11.2","11.2","10.5","","",
"Middle East & North Africa (IDA & IBRD countries)","TMN","Profit tax (% of commercial profits)","IC.TAX.PRFT.CP.ZS","","","","","","","","","","","","","","","","","","","","","","","","","","","","","","","","","","","","","","","","","","","","","","18.9636363636364","18.5818181818182","18.4090909090909","17.5454545454545","17.0909090909091","17.0090909090909","15.4818181818182","16.0583333333333","15.5666666666667","16.0583333333333","15.8333333333333","15.6666666666667","15.9083333333333","15.5583333333333","15.3833333333333","","",
"Tonga","TON","Profit tax (% of commercial profits)","IC.TAX.PRFT.CP.ZS","","","","","","","","","","","","","","","","","","","","","","","","","","","","","","","","","","","","","","","","","","","","","","26.4","26.4","26.4","26.4","21.6","22.5","22.5","22.5","21.2","21.2","21.2","21.2","21.2","21.2","21.2","","",
"South Asia (IDA & IBRD)","TSA","Profit tax (% of commercial profits)","IC.TAX.PRFT.CP.ZS","","","","","","","","","","","","","","","","","","","","","","","","","","","","","","","","","","","","","","","","","","","","","","15.08","15.7","15.86","16.12","15.78","14.64","15.18","12.5","17.7","17.4625","17.275","17.275","17.3375","16.9","16.7125","","",
"Sub-Saharan Africa (IDA & IBRD countries)","TSS","Profit tax (% of commercial profits)","IC.TAX.PRFT.CP.ZS","","","","","","","","","","","","","","","","","","","","","","","","","","","","","","","","","","","","","","","","","","","","","","19.5931818181818","18.4044444444444","17.86","17.7466666666667","17.8422222222222","17.4155555555556","17.8688888888889","17.9826086956522","18.0744680851064","17.2851063829787","17.5978723404255","18.4191489361702","18.4468085106383","18.3872340425532","18.4702127659574","","",
"Trinidad and Tobago","TTO","Profit tax (% of commercial profits)","IC.TAX.PRFT.CP.ZS","","","","","","","","","","","","","","","","","","","","","","","","","","","","","","","","","","","","","","","","","","","","","","25.2","25.2","21","22.2","22.2","21","21","21","22.1","22","21.9","21.8","21.5","25","25.8","","",
"Tunisia","TUN","Profit tax (% of commercial profits)","IC.TAX.PRFT.CP.ZS","","","","","","","","","","","","","","","","","","","","","","","","","","","","","","","","","","","","","","","","","","","","","","14.8","14.8","14.8","12.7","15.7","15.7","15.7","15.7","15.7","15.7","13.1","13.1","17","13.1","13.6","","",
"Turkiye","TUR","Profit tax (% of commercial profits)","IC.TAX.PRFT.CP.ZS","","","","","","","","","","","","","","","","","","","","","","","","","","","","","","","","","","","","","","","","","","","","","","18.5","18","17.5","17.4","17.7","17.7","18.5","18.5","18.6","18.4","18.3","18.3","18.2","18.2","20","","",
"Tuvalu","TUV","Profit tax (% of commercial profits)","IC.TAX.PRFT.CP.ZS","","","","","","","","","","","","","","","","","","","","","","","","","","","","","","","","","","","","","","","","","","","","","","","","","","","","","","","","","","","","","","",
"Tanzania","TZA","Profit tax (% of commercial profits)","IC.TAX.PRFT.CP.ZS","","","","","","","","","","","","","","","","","","","","","","","","","","","","","","","","","","","","","","","","","","","","","","20.2","20.2","20.3","20.1","20.2","20.2","20.4","20.4","20.7","20.7","20.8","20.8","20.7","20.8","20.9","","",
"Uganda","UGA","Profit tax (% of commercial profits)","IC.TAX.PRFT.CP.ZS","","","","","","","","","","","","","","","","","","","","","","","","","","","","","","","","","","","","","","","","","","","","","","23.2","21.5","20.8","23.6","22.1","22.1","22.1","22.1","22.1","22.1","22.1","22.3","22.3","22.3","22.3","","",
"Ukraine","UKR","Profit tax (% of commercial profits)","IC.TAX.PRFT.CP.ZS","","","","","","","","","","","","","","","","","","","","","","","","","","","","","","","","","","","","","","","","","","","","","","12.3","12.4","12.5","12.3","12.3","10.4","12.2","11.6","11.3","9.5","9","8.7","11.9","11","10.2","","",
"Upper middle income","UMC","Profit tax (% of commercial profits)","IC.TAX.PRFT.CP.ZS","","","","","","","","","","","","","","","","","","","","","","","","","","","","","","","","","","","","","","","","","","","","","","20.7813953488372","20.3340909090909","19.9863636363636","19.5045454545455","18.4577777777778","17.8955555555556","17.8644444444444","18.1347826086957","17.85","17.716","17.958","18.454","18.512","18.376","18.284","","",
"Uruguay","URY","Profit tax (% of commercial profits)","IC.TAX.PRFT.CP.ZS","","","","","","","","","","","","","","","","","","","","","","","","","","","","","","","","","","","","","","","","","","","","","","17.7","17.7","17.7","29.9","23.6","23.6","23.6","23.6","23.6","23.6","23.6","23.6","23.6","23.6","23.6","","",
"United States","USA","Profit tax (% of commercial profits)","IC.TAX.PRFT.CP.ZS","","","","","","","","","","","","","","","","","","","","","","","","","","","","","","","","","","","","","","","","","","","","","","","","","","","","","","28.2","28.2","28.1","28.1","27.9","27.9","20.7","","",
"Uzbekistan","UZB","Profit tax (% of commercial profits)","IC.TAX.PRFT.CP.ZS","","","","","","","","","","","","","","","","","","","","","","","","","","","","","","","","","","","","","","","","","","","","","","0","0","2","2","1.9","1.7","1.3","1.1","2","12","11.4","11.5","11.5","12.6","11.8","","",
"St. Vincent and the Grenadines","VCT","Profit tax (% of commercial profits)","IC.TAX.PRFT.CP.ZS","","","","","","","","","","","","","","","","","","","","","","","","","","","","","","","","","","","","","","","","","","","","","","37.6","37.6","37.6","35.2","32.5","30.2","30.2","30.2","30.2","30.2","29.8","29.8","29.8","29.8","27.6","","",
"Venezuela, RB","VEN","Profit tax (% of commercial profits)","IC.TAX.PRFT.CP.ZS","","","","","","","","","","","","","","","","","","","","","","","","","","","","","","","","","","","","","","","","","","","","","","14.4","14","12","10.7","9.1","10.7","7.6","6.4","9.8","9.8","9.5","9.9","9.4","9.4","9.4","","",
"British Virgin Islands","VGB","Profit tax (% of commercial profits)","IC.TAX.PRFT.CP.ZS","","","","","","","","","","","","","","","","","","","","","","","","","","","","","","","","","","","","","","","","","","","","","","","","","","","","","","","","","","","","","","",
"Virgin Islands (U.S.)","VIR","Profit tax (% of commercial profits)","IC.TAX.PRFT.CP.ZS","","","","","","","","","","","","","","","","","","","","","","","","","","","","","","","","","","","","","","","","","","","","","","","","","","","","","","","","","","","","","","",
"Vietnam","VNM","Profit tax (% of commercial profits)","IC.TAX.PRFT.CP.ZS","","","","","","","","","","","","","","","","","","","","","","","","","","","","","","","","","","","","","","","","","","","","","","20.6","20.6","20.6","20.6","20.5","12.4","17.2","12.4","17","17","14.4","14.4","13.1","13.2","13.2","","",
"Vanuatu","VUT","Profit tax (% of commercial profits)","IC.TAX.PRFT.CP.ZS","","","","","","","","","","","","","","","","","","","","","","","","","","","","","","","","","","","","","","","","","","","","","","0","0","0","0","0","0","0","0","0","0","0","0","0","0","0","","",
"World","WLD","Profit tax (% of commercial profits)","IC.TAX.PRFT.CP.ZS","","","","","","","","","","","","","","","","","","","","","","","","","","","","","","","","","","","","","","","","","","","","","","18.7165644171779","17.9958083832335","17.4076470588235","17.093567251462","16.428488372093","15.9796511627907","15.7775862068966","15.6241573033708","16.1671957671958","16.1529100529101","16.057671957672","16.1984126984127","16.2269841269841","16.0742105263158","16.018947368421","","",
"Samoa","WSM","Profit tax (% of commercial profits)","IC.TAX.PRFT.CP.ZS","","","","","","","","","","","","","","","","","","","","","","","","","","","","","","","","","","","","","","","","","","","","","","12.5","12.5","12.5","11.6","11.6","11.6","11.6","11.6","11.6","11.3","11.3","11.2","10.9","10.9","10.9","","",
"Kosovo","XKX","Profit tax (% of commercial profits)","IC.TAX.PRFT.CP.ZS","","","","","","","","","","","","","","","","","","","","","","","","","","","","","","","","","","","","","","","","","","","","","","","","","","21.2","10.2","9.3","9.3","9.3","9.3","9.3","9.3","9.3","9.3","9.3","","",
"Yemen, Rep.","YEM","Profit tax (% of commercial profits)","IC.TAX.PRFT.CP.ZS","","","","","","","","","","","","","","","","","","","","","","","","","","","","","","","","","","","","","","","","","","","","","","34.9","34.9","34.9","34.9","34.9","34.8","19.9","20.1","13.8","13.8","13.8","13.8","13.8","13.8","13.8","","",
"South Africa","ZAF","Profit tax (% of commercial profits)","IC.TAX.PRFT.CP.ZS","","","","","","","","","","","","","","","","","","","","","","","","","","","","","","","","","","","","","","","","","","","","","","24.4","23.7","24","24.4","24.9","24.8","24","23.9","21.4","21.7","21.7","21.7","21.7","21.8","21.8","","",
"Zambia","ZMB","Profit tax (% of commercial profits)","IC.TAX.PRFT.CP.ZS","","","","","","","","","","","","","","","","","","","","","","","","","","","","","","","","","","","","","","","","","","","","","","2.2","2.2","2.3","2.3","2.3","1.6","1.6","2.2","2.4","2","2","2","2","2","2","","",
"Zimbabwe","ZWE","Profit tax (% of commercial profits)","IC.TAX.PRFT.CP.ZS","","","","","","","","","","","","","","","","","","","","","","","","","","","","","","","","","","","","","","","","","","","","","","16.3","16.3","7.8","4.8","22.5","23.6","20","19.8","19.6","17.7","17.6","17.6","17.6","17.6","17.6","","",
